,Date,Close
0,2007-08-08,19.51
1,2007-08-09,24.62
2,2007-08-10,26.06
3,2007-08-13,23.99
4,2007-08-14,25.94
5,2007-08-15,28.66
6,2007-08-16,28.69
7,2007-08-17,26.57
8,2007-08-20,24.22
9,2007-08-21,23
10,2007-08-22,20.7
11,2007-08-23,20.2
12,2007-08-24,18.57
13,2007-08-27,20.22
14,2007-08-28,23.72
15,2007-08-29,21.27
16,2007-08-30,22.46
17,2007-08-31,21.47
18,2007-09-04,20.13
19,2007-09-05,22.28
20,2007-09-06,21.74
21,2007-09-07,24.05
22,2007-09-10,24.95
23,2007-09-11,22.89
24,2007-09-12,23.05
25,2007-09-13,22.41
26,2007-09-14,22.32
27,2007-09-17,23.96
28,2007-09-18,18.43
29,2007-09-19,17.64
30,2007-09-20,18.03
31,2007-09-21,16.72
32,2007-09-24,17.04
33,2007-09-25,16.44
34,2007-09-26,15.46
35,2007-09-27,15.05
36,2007-09-28,16.06
37,2007-10-01,15.98
38,2007-10-02,16.83
39,2007-10-03,17.05
40,2007-10-04,16.88
41,2007-10-05,15.41
42,2007-10-08,15.96
43,2007-10-09,14.87
44,2007-10-10,15.48
45,2007-10-11,17.7
46,2007-10-12,16.43
47,2007-10-15,18.01
48,2007-10-16,18.35
49,2007-10-17,17.19
50,2007-10-18,17.12
51,2007-10-19,21.1
52,2007-10-22,20.45
53,2007-10-23,19.04
54,2007-10-24,19.67
55,2007-10-25,19.72
56,2007-10-26,18.24
57,2007-10-29,18.46
58,2007-10-30,19.58
59,2007-10-31,17.45
60,2007-11-01,21.48
61,2007-11-02,20.98
62,2007-11-05,22.42
63,2007-11-06,20.15
64,2007-11-07,24.22
65,2007-11-08,23.82
66,2007-11-09,25.93
67,2007-11-12,26.93
68,2007-11-13,22.41
69,2007-11-14,23.71
70,2007-11-15,25.58
71,2007-11-16,23.04
72,2007-11-19,23.66
73,2007-11-20,22.75
74,2007-11-21,23.98
75,2007-11-23,23.41
76,2007-11-26,26.17
77,2007-11-27,24.16
78,2007-11-28,22.16
79,2007-11-29,21.69
80,2007-11-30,20.77
81,2007-12-03,21.37
82,2007-12-04,21.37
83,2007-12-05,20.37
84,2007-12-06,19.07
85,2007-12-07,18.83
86,2007-12-10,18.91
87,2007-12-11,21.16
88,2007-12-12,20.71
89,2007-12-13,20.71
90,2007-12-14,21.09
91,2007-12-17,22.25
92,2007-12-18,20.75
93,2007-12-19,19.7
94,2007-12-20,18.86
95,2007-12-21,16.69
96,2007-12-24,16.81
97,2007-12-26,16.96
98,2007-12-27,18.29
99,2007-12-28,18.89
100,2007-12-31,20.7
101,2008-01-02,21.19
102,2008-01-03,20.56
103,2008-01-04,22.26
104,2008-01-07,21.67
105,2008-01-08,23.4
106,2008-01-09,22.04
107,2008-01-10,21.44
108,2008-01-11,21.87
109,2008-01-14,21.27
110,2008-01-15,21.5
111,2008-01-16,22.17
112,2008-01-17,26.08
113,2008-01-18,25.51
114,2008-01-22,28.28
115,2008-01-23,26.11
116,2008-01-24,25.23
117,2008-01-25,26.76
118,2008-01-28,25.09
119,2008-01-29,24.74
120,2008-01-30,24.92
121,2008-01-31,23.82
122,2008-02-01,21.77
123,2008-02-04,23.4
124,2008-02-05,25.72
125,2008-02-06,26.24
126,2008-02-07,25.26
127,2008-02-08,25.73
128,2008-02-11,24.5
129,2008-02-12,23.54
130,2008-02-13,22.07
131,2008-02-14,22.71
132,2008-02-15,22.6
133,2008-02-19,23.26
134,2008-02-20,22.33
135,2008-02-21,23.15
136,2008-02-22,21.75
137,2008-02-25,20.75
138,2008-02-26,19.85
139,2008-02-27,20.38
140,2008-02-28,21.25
141,2008-02-29,24.3
142,2008-03-03,24.57
143,2008-03-04,23.95
144,2008-03-05,22.89
145,2008-03-06,25.62
146,2008-03-07,25.55
147,2008-03-10,27.12
148,2008-03-11,24.42
149,2008-03-12,24.82
150,2008-03-13,25.09
151,2008-03-14,28.62
152,2008-03-17,29.81
153,2008-03-18,24.44
154,2008-03-19,27.52
155,2008-03-20,24.67
156,2008-03-24,23.77
157,2008-03-25,23.74
158,2008-03-26,24.09
159,2008-03-27,23.9
160,2008-03-28,23.84
161,2008-03-31,23.78
162,2008-04-01,21.1
163,2008-04-02,21.53
164,2008-04-03,21.63
165,2008-04-04,20.79
166,2008-04-07,20.77
167,2008-04-08,20.56
168,2008-04-09,21.11
169,2008-04-10,20.29
170,2008-04-11,21.67
171,2008-04-14,22.21
172,2008-04-15,21.19
173,2008-04-16,18.94
174,2008-04-17,19.04
175,2008-04-18,18.33
176,2008-04-21,18.54
177,2008-04-22,19.03
178,2008-04-23,18.55
179,2008-04-24,18.11
180,2008-04-25,17.7
181,2008-04-28,17.96
182,2008-04-29,18.68
183,2008-04-30,19
184,2008-05-01,17.41
185,2008-05-02,16.55
186,2008-05-05,17.25
187,2008-05-06,16.87
188,2008-05-07,18.09
189,2008-05-08,17.7
190,2008-05-09,17.92
191,2008-05-12,16.37
192,2008-05-13,16.46
193,2008-05-14,16.24
194,2008-05-15,15
195,2008-05-16,15
196,2008-05-19,15.63
197,2008-05-20,16.37
198,2008-05-21,17.45
199,2008-05-22,16.95
200,2008-05-23,18.37
201,2008-05-27,18.29
202,2008-05-28,17.82
203,2008-05-29,16.96
204,2008-05-30,16.61
205,2008-06-02,18.4
206,2008-06-03,18.98
207,2008-06-04,19.49
208,2008-06-05,17.67
209,2008-06-06,21.73
210,2008-06-09,21.57
211,2008-06-10,21.5
212,2008-06-11,22.19
213,2008-06-12,21.54
214,2008-06-13,19.71
215,2008-06-16,19.44
216,2008-06-17,19.6
217,2008-06-18,21.06
218,2008-06-19,20.13
219,2008-06-20,21.58
220,2008-06-23,21.2
221,2008-06-24,21.02
222,2008-06-25,19.91
223,2008-06-26,22.92
224,2008-06-27,22.41
225,2008-06-30,22.69
226,2008-07-01,22.48
227,2008-07-02,24.51
228,2008-07-03,23.25
229,2008-07-07,24.24
230,2008-07-08,21.76
231,2008-07-09,24.05
232,2008-07-10,24.16
233,2008-07-11,25.92
234,2008-07-14,26.94
235,2008-07-15,26.96
236,2008-07-16,23.45
237,2008-07-17,23.14
238,2008-07-18,22.26
239,2008-07-21,21.5
240,2008-07-22,19.62
241,2008-07-23,19.92
242,2008-07-24,21.89
243,2008-07-25,21.34
244,2008-07-28,22.72
245,2008-07-29,20.6
246,2008-07-30,19.91
247,2008-07-31,21.71
248,2008-08-01,21.22
249,2008-08-04,22.05
250,2008-08-05,20.01
251,2008-08-06,19.07
252,2008-08-07,20.02
253,2008-08-08,19.49
254,2008-08-11,19.2
255,2008-08-12,20.04
256,2008-08-13,20.79
257,2008-08-14,19.54
258,2008-08-15,18.83
259,2008-08-18,20.36
260,2008-08-19,20.77
261,2008-08-20,19.89
262,2008-08-21,19.23
263,2008-08-22,18.41
264,2008-08-25,20.5
265,2008-08-26,20.08
266,2008-08-27,19.44
267,2008-08-28,19.02
268,2008-08-29,20.12
269,2008-09-02,21.63
270,2008-09-03,21.08
271,2008-09-04,23.49
272,2008-09-05,22.72
273,2008-09-08,22.33
274,2008-09-09,24.97
275,2008-09-10,23.87
276,2008-09-11,23.88
277,2008-09-12,24.89
278,2008-09-15,30.39
279,2008-09-16,29.29
280,2008-09-17,34.3
281,2008-09-18,29.74
282,2008-09-19,30.36
283,2008-09-22,32.16
284,2008-09-23,33.77
285,2008-09-24,33.34
286,2008-09-25,31.18
287,2008-09-26,32.9
288,2008-09-29,42.86
289,2008-09-30,36.61
290,2008-10-01,37.25
291,2008-10-02,42.48
292,2008-10-03,41.74
293,2008-10-06,46.32
294,2008-10-07,49.85
295,2008-10-08,51.27
296,2008-10-09,53.42
297,2008-10-10,59.27
298,2008-10-13,42.45
299,2008-10-14,53.07
300,2008-10-15,64.52
301,2008-10-16,58.37
302,2008-10-17,65.18
303,2008-10-20,50.63
304,2008-10-21,51.09
305,2008-10-22,65.25
306,2008-10-23,63.25
307,2008-10-24,72.52
308,2008-10-27,71.16
309,2008-10-28,60.58
310,2008-10-29,62.95
311,2008-10-30,58.64
312,2008-10-31,55.83
313,2008-11-03,51.07
314,2008-11-04,46.42
315,2008-11-05,49.68
316,2008-11-06,58.78
317,2008-11-07,51.85
318,2008-11-10,54.59
319,2008-11-11,56.99
320,2008-11-12,60.74
321,2008-11-13,53.92
322,2008-11-14,61.32
323,2008-11-17,65.47
324,2008-11-18,62.86
325,2008-11-19,68.71
326,2008-11-20,74.6
327,2008-11-21,65.35
328,2008-11-24,58.94
329,2008-11-25,56
330,2008-11-26,50.92
331,2008-11-28,51.84
332,2008-12-01,62.4
333,2008-12-02,58.59
334,2008-12-03,56.05
335,2008-12-04,58.91
336,2008-12-05,54.41
337,2008-12-08,52.95
338,2008-12-09,52.85
339,2008-12-10,50.78
340,2008-12-11,49.61
341,2008-12-12,49.03
342,2008-12-15,51.89
343,2008-12-16,47.29
344,2008-12-17,45.61
345,2008-12-18,42.22
346,2008-12-19,40.53
347,2008-12-22,39.28
348,2008-12-23,41.03
349,2008-12-24,40.54
350,2008-12-26,40
351,2008-12-29,40.06
352,2008-12-30,37.85
353,2008-12-31,36.31
354,2009-01-02,34.53
355,2009-01-05,35.83
356,2009-01-06,35.4
357,2009-01-07,39.34
358,2009-01-08,38.71
359,2009-01-09,39.06
360,2009-01-12,41.64
361,2009-01-13,39.84
362,2009-01-14,44.28
363,2009-01-15,44.95
364,2009-01-16,41.57
365,2009-01-20,50.19
366,2009-01-21,41.1
367,2009-01-22,41.55
368,2009-01-23,41.65
369,2009-01-26,40.17
370,2009-01-27,37.98
371,2009-01-28,34.79
372,2009-01-29,37.79
373,2009-01-30,39.58
374,2009-02-02,40.14
375,2009-02-03,37.64
376,2009-02-04,37.99
377,2009-02-05,38.14
378,2009-02-06,37.56
379,2009-02-09,38.03
380,2009-02-10,41.27
381,2009-02-11,39.26
382,2009-02-12,37.13
383,2009-02-13,38.15
384,2009-02-17,43.35
385,2009-02-18,42.72
386,2009-02-19,41.72
387,2009-02-20,43.62
388,2009-02-23,47.02
389,2009-02-24,40.61
390,2009-02-25,40.2
391,2009-02-26,40.42
392,2009-02-27,41.45
393,2009-03-02,46.82
394,2009-03-03,45.76
395,2009-03-04,42.16
396,2009-03-05,45.4
397,2009-03-06,43.85
398,2009-03-09,45
399,2009-03-10,39.4
400,2009-03-11,39.19
401,2009-03-12,36.67
402,2009-03-13,37.8
403,2009-03-16,39.09
404,2009-03-17,36.37
405,2009-03-18,36.5
406,2009-03-19,39.05
407,2009-03-20,41.43
408,2009-03-23,38.09
409,2009-03-24,38.95
410,2009-03-25,37.45
411,2009-03-26,36.06
412,2009-03-27,36.8
413,2009-03-30,40.65
414,2009-03-31,39.9
415,2009-04-01,37.62
416,2009-04-02,37.83
417,2009-04-03,36.18
418,2009-04-06,36.77
419,2009-04-07,36.62
420,2009-04-08,35.3
421,2009-04-09,33.32
422,2009-04-13,34.28
423,2009-04-14,34.32
424,2009-04-15,33.19
425,2009-04-16,32.17
426,2009-04-17,31.09
427,2009-04-20,35.55
428,2009-04-21,33.72
429,2009-04-22,34.85
430,2009-04-23,33.59
431,2009-04-24,33.13
432,2009-04-27,34.32
433,2009-04-28,34.28
434,2009-04-29,32.58
435,2009-04-30,32.72
436,2009-05-01,31.58
437,2009-05-04,30.97
438,2009-05-05,30.3
439,2009-05-06,29.26
440,2009-05-07,30.19
441,2009-05-08,28.65
442,2009-05-11,28.98
443,2009-05-12,27.84
444,2009-05-13,29.44
445,2009-05-14,28.01
446,2009-05-15,28.8
447,2009-05-18,26.29
448,2009-05-19,25.28
449,2009-05-20,25.71
450,2009-05-21,27.68
451,2009-05-22,29.09
452,2009-05-26,27.29
453,2009-05-27,28.71
454,2009-05-28,28.15
455,2009-05-29,25.33
456,2009-06-01,26.93
457,2009-06-02,26.63
458,2009-06-03,27.34
459,2009-06-04,26.92
460,2009-06-05,26.57
461,2009-06-08,26.54
462,2009-06-09,25.29
463,2009-06-10,25.29
464,2009-06-11,25.39
465,2009-06-12,25.13
466,2009-06-15,27.95
467,2009-06-16,28.91
468,2009-06-17,28.06
469,2009-06-18,26.83
470,2009-06-19,24.99
471,2009-06-22,28.25
472,2009-06-23,27.59
473,2009-06-24,26.24
474,2009-06-25,23.92
475,2009-06-26,23.6
476,2009-06-29,22.69
477,2009-06-30,23.47
478,2009-07-01,23.55
479,2009-07-02,25.09
480,2009-07-06,25.75
481,2009-07-07,27.48
482,2009-07-08,27.94
483,2009-07-09,26.69
484,2009-07-10,26.01
485,2009-07-13,23.59
486,2009-07-14,23.07
487,2009-07-15,23.14
488,2009-07-16,22
489,2009-07-17,21.33
490,2009-07-20,21.19
491,2009-07-21,20.64
492,2009-07-22,20.72
493,2009-07-23,21.02
494,2009-07-24,20.46
495,2009-07-27,21.77
496,2009-07-28,22.26
497,2009-07-29,22.71
498,2009-07-30,22.61
499,2009-07-31,22.99
500,2009-08-03,22.87
501,2009-08-04,22.2
502,2009-08-05,22.06
503,2009-08-06,23.05
504,2009-08-07,22.26
505,2009-08-10,22.41
506,2009-08-11,23.32
507,2009-08-12,22.9
508,2009-08-13,22.16
509,2009-08-14,21.87
510,2009-08-17,25.2
511,2009-08-18,23.59
512,2009-08-19,23.39
513,2009-08-20,22.63
514,2009-08-21,22.46
515,2009-08-24,22.34
516,2009-08-25,22.24
517,2009-08-26,22.31
518,2009-08-27,21.93
519,2009-08-28,21.79
520,2009-08-31,23.14
521,2009-09-01,26.01
522,2009-09-02,25.78
523,2009-09-03,24.04
524,2009-09-04,22.5
525,2009-09-08,23.01
526,2009-09-09,21.7
527,2009-09-10,21.15
528,2009-09-11,21.4
529,2009-09-14,21.08
530,2009-09-15,20.83
531,2009-09-16,21.26
532,2009-09-17,21.15
533,2009-09-18,21.22
534,2009-09-21,21.33
535,2009-09-22,20.75
536,2009-09-23,21
537,2009-09-24,22.13
538,2009-09-25,22.5
539,2009-09-28,22.07
540,2009-09-29,22.49
541,2009-09-30,22.79
542,2009-10-01,25.09
543,2009-10-02,25.14
544,2009-10-05,23.79
545,2009-10-06,22.65
546,2009-10-07,21.8
547,2009-10-08,21.42
548,2009-10-09,20.22
549,2009-10-12,19.92
550,2009-10-13,20.28
551,2009-10-14,20.04
552,2009-10-15,19.11
553,2009-10-16,18.57
554,2009-10-19,18.74
555,2009-10-20,17.96
556,2009-10-21,19.27
557,2009-10-22,18.01
558,2009-10-23,19.31
559,2009-10-26,21.45
560,2009-10-27,22.05
561,2009-10-28,24.79
562,2009-10-29,21.74
563,2009-10-30,26.82
564,2009-11-02,26.19
565,2009-11-03,25.21
566,2009-11-04,24.44
567,2009-11-05,22.28
568,2009-11-06,21.19
569,2009-11-09,20.22
570,2009-11-10,20.03
571,2009-11-11,20.02
572,2009-11-12,21.32
573,2009-11-13,20.44
574,2009-11-16,19.93
575,2009-11-17,19.51
576,2009-11-18,19.28
577,2009-11-19,19.89
578,2009-11-20,19.46
579,2009-11-23,18.51
580,2009-11-24,18.11
581,2009-11-25,17.98
582,2009-11-27,21.81
583,2009-11-30,21.62
584,2009-12-01,19.55
585,2009-12-02,18.78
586,2009-12-03,19.99
587,2009-12-04,19.23
588,2009-12-07,19.67
589,2009-12-08,20.94
590,2009-12-09,20.18
591,2009-12-10,19.47
592,2009-12-11,18.7
593,2009-12-14,18.23
594,2009-12-15,18.8
595,2009-12-16,18.35
596,2009-12-17,19.77
597,2009-12-18,19.44
598,2009-12-21,18.73
599,2009-12-22,17.32
600,2009-12-23,17.48
601,2009-12-24,16.97
602,2009-12-28,17.41
603,2009-12-29,17.59
604,2009-12-30,17.69
605,2009-12-31,18.97
606,2010-01-04,18.2
607,2010-01-05,17.6
608,2010-01-06,17.33
609,2010-01-07,17.2
610,2010-01-08,16.59
611,2010-01-11,16.01
612,2010-01-12,16.2
613,2010-01-13,16.14
614,2010-01-14,15.59
615,2010-01-15,15.74
616,2010-01-19,15.81
617,2010-01-20,16.39
618,2010-01-21,19.73
619,2010-01-22,24.2
620,2010-01-25,23.01
621,2010-01-26,21.87
622,2010-01-27,20.57
623,2010-01-28,21.24
624,2010-01-29,21.63
625,2010-02-01,19.98
626,2010-02-02,18.91
627,2010-02-03,18.78
628,2010-02-04,22.77
629,2010-02-05,22.95
630,2010-02-08,23.39
631,2010-02-09,22.63
632,2010-02-10,22.25
633,2010-02-11,20.84
634,2010-02-12,20.23
635,2010-02-16,19.35
636,2010-02-17,18.96
637,2010-02-18,18.15
638,2010-02-19,17.91
639,2010-02-22,17.79
640,2010-02-23,19.09
641,2010-02-24,17.84
642,2010-02-25,17.81
643,2010-02-26,17.42
644,2010-03-01,17.07
645,2010-03-02,16.85
646,2010-03-03,16.86
647,2010-03-04,16.5
648,2010-03-05,15.52
649,2010-03-08,15.87
650,2010-03-09,15.96
651,2010-03-10,16.73
652,2010-03-11,16.22
653,2010-03-12,15.8
654,2010-03-15,16.09
655,2010-03-16,15.83
656,2010-03-17,15.5
657,2010-03-18,15.02
658,2010-03-19,15.29
659,2010-03-22,15.19
660,2010-03-23,14.68
661,2010-03-24,15.34
662,2010-03-25,16.42
663,2010-03-26,15.87
664,2010-03-29,15.98
665,2010-03-30,15.46
666,2010-03-31,15.64
667,2010-04-01,15.69
668,2010-04-05,15.48
669,2010-04-06,14.92
670,2010-04-07,15.4
671,2010-04-08,15.12
672,2010-04-09,14.74
673,2010-04-12,14.37
674,2010-04-13,14.6
675,2010-04-14,14.25
676,2010-04-15,14.05
677,2010-04-16,16.12
678,2010-04-19,15.37
679,2010-04-20,13.99
680,2010-04-21,14.3
681,2010-04-22,14.55
682,2010-04-23,14.63
683,2010-04-26,15.43
684,2010-04-27,15.43
685,2010-04-28,18.48
686,2010-04-29,16.54
687,2010-04-30,19.65
688,2010-05-03,17.79
689,2010-05-04,21.17
690,2010-05-05,22.32
691,2010-05-06,27.35
692,2010-05-07,35.91
693,2010-05-10,25.93
694,2010-05-11,25.04
695,2010-05-12,22.42
696,2010-05-13,23.45
697,2010-05-14,27.67
698,2010-05-17,27.15
699,2010-05-18,29.67
700,2010-05-19,31.68
701,2010-05-20,40.72
702,2010-05-21,35.48
703,2010-05-24,33.91
704,2010-05-25,31.59
705,2010-05-26,31.2
706,2010-05-27,26.48
707,2010-05-28,28.67
708,2010-06-01,31.97
709,2010-06-02,26.96
710,2010-06-03,26.51
711,2010-06-04,31.43
712,2010-06-07,33.17
713,2010-06-08,30.28
714,2010-06-09,29.94
715,2010-06-10,27.15
716,2010-06-11,25.43
717,2010-06-14,25.53
718,2010-06-15,22.94
719,2010-06-16,22.73
720,2010-06-17,22.21
721,2010-06-18,21.23
722,2010-06-21,21.93
723,2010-06-22,24.07
724,2010-06-23,23.87
725,2010-06-24,26.23
726,2010-06-25,25.37
727,2010-06-28,25.67
728,2010-06-29,30.56
729,2010-06-30,30.54
730,2010-07-01,29.37
731,2010-07-02,27.56
732,2010-07-06,26.69
733,2010-07-07,23.83
734,2010-07-08,22.66
735,2010-07-09,21.87
736,2010-07-12,21.09
737,2010-07-13,21.3
738,2010-07-14,21.54
739,2010-07-15,21.85
740,2010-07-16,23.09
741,2010-07-19,22.73
742,2010-07-20,21.41
743,2010-07-21,23.43
744,2010-07-22,22.02
745,2010-07-23,20.75
746,2010-07-26,20.15
747,2010-07-27,20.28
748,2010-07-28,21.06
749,2010-07-29,21.31
750,2010-07-30,20.73
751,2010-08-02,19.48
752,2010-08-03,19.98
753,2010-08-04,19.86
754,2010-08-05,19.7
755,2010-08-06,19.23
756,2010-08-09,19.28
757,2010-08-10,19.6
758,2010-08-11,22.81
759,2010-08-12,23.59
760,2010-08-13,23.9
761,2010-08-16,23.34
762,2010-08-17,21.92
763,2010-08-18,22.02
764,2010-08-19,23.43
765,2010-08-20,22.64
766,2010-08-23,22.86
767,2010-08-24,24.61
768,2010-08-25,24.24
769,2010-08-26,24.48
770,2010-08-27,21.76
771,2010-08-30,24.32
772,2010-08-31,23.73
773,2010-09-01,21.47
774,2010-09-02,20.79
775,2010-09-03,18.89
776,2010-09-07,21.1
777,2010-09-08,20.76
778,2010-09-09,20.54
779,2010-09-10,19.81
780,2010-09-13,19.08
781,2010-09-14,19.37
782,2010-09-15,19.76
783,2010-09-16,19.15
784,2010-09-17,19.02
785,2010-09-20,18.86
786,2010-09-21,19.52
787,2010-09-22,19.63
788,2010-09-23,20.62
789,2010-09-24,18.75
790,2010-09-27,19.83
791,2010-09-28,19.69
792,2010-09-29,20.15
793,2010-09-30,20.62
794,2010-10-01,19.72
795,2010-10-04,20.58
796,2010-10-05,19.18
797,2010-10-06,18.76
798,2010-10-07,18.8
799,2010-10-08,17.93
800,2010-10-11,16.53
801,2010-10-12,16.59
802,2010-10-13,16.3
803,2010-10-14,16.82
804,2010-10-15,16.89
805,2010-10-18,17.09
806,2010-10-19,18.18
807,2010-10-20,17.31
808,2010-10-21,16.5
809,2010-10-22,16.4
810,2010-10-25,17.3
811,2010-10-26,17.67
812,2010-10-27,18.21
813,2010-10-28,18.33
814,2010-10-29,18.51
815,2010-11-01,19.14
816,2010-11-02,19.11
817,2010-11-03,17.24
818,2010-11-04,16.16
819,2010-11-05,16
820,2010-11-08,16.09
821,2010-11-09,16.81
822,2010-11-10,16.35
823,2010-11-11,16.77
824,2010-11-12,18.24
825,2010-11-15,17.59
826,2010-11-16,20.05
827,2010-11-17,19.49
828,2010-11-18,16.67
829,2010-11-19,15.79
830,2010-11-22,16.23
831,2010-11-23,18.24
832,2010-11-24,17.17
833,2010-11-26,18.2
834,2010-11-29,19.46
835,2010-11-30,20.99
836,2010-12-01,18.78
837,2010-12-02,17.26
838,2010-12-03,15.72
839,2010-12-06,15.86
840,2010-12-07,16.02
841,2010-12-08,15.77
842,2010-12-09,15.38
843,2010-12-10,15.52
844,2010-12-13,15.16
845,2010-12-14,15.3
846,2010-12-15,15.44
847,2010-12-16,15.15
848,2010-12-17,14.07
849,2010-12-20,14.73
850,2010-12-21,14.76
851,2010-12-22,13.88
852,2010-12-23,14.06
853,2010-12-27,15.51
854,2010-12-28,15.47
855,2010-12-29,15.09
856,2010-12-30,15.29
857,2010-12-31,15.61
858,2011-01-03,15.63
859,2011-01-04,15.18
860,2011-01-05,14.58
861,2011-01-06,15.06
862,2011-01-07,14.96
863,2011-01-10,15.34
864,2011-01-11,14.52
865,2011-01-12,13.98
866,2011-01-13,13.95
867,2011-01-14,13.14
868,2011-01-18,13.09
869,2011-01-19,14.6
870,2011-01-20,15.16
871,2011-01-21,15.05
872,2011-01-24,14.62
873,2011-01-25,14.62
874,2011-01-26,14.17
875,2011-01-27,14
876,2011-01-28,17.05
877,2011-01-31,16.68
878,2011-02-01,15.37
879,2011-02-02,15.01
880,2011-02-03,14.44
881,2011-02-04,13.95
882,2011-02-07,14.11
883,2011-02-08,13.48
884,2011-02-09,13.8
885,2011-02-10,13.78
886,2011-02-11,13.56
887,2011-02-14,14.24
888,2011-02-15,14.56
889,2011-02-16,14.56
890,2011-02-17,14.58
891,2011-02-18,13.91
892,2011-02-22,17.83
893,2011-02-23,18.6
894,2011-02-24,18.37
895,2011-02-25,16.71
896,2011-02-28,15.79
897,2011-03-01,17.96
898,2011-03-02,17.88
899,2011-03-03,16.07
900,2011-03-04,16.43
901,2011-03-07,18.18
902,2011-03-08,17.42
903,2011-03-09,17.75
904,2011-03-10,19.41
905,2011-03-11,17.96
906,2011-03-14,18.6
907,2011-03-15,21.26
908,2011-03-16,25.2
909,2011-03-17,22.76
910,2011-03-18,20.76
911,2011-03-21,17.71
912,2011-03-22,17.2
913,2011-03-23,16.33
914,2011-03-24,15.54
915,2011-03-25,15.28
916,2011-03-28,16.36
917,2011-03-29,15.79
918,2011-03-30,15.32
919,2011-03-31,15.3
920,2011-04-01,15.03
921,2011-04-04,15.27
922,2011-04-05,15.02
923,2011-04-06,14.67
924,2011-04-07,15.03
925,2011-04-08,15.53
926,2011-04-11,14.71
927,2011-04-12,15.65
928,2011-04-13,15.19
929,2011-04-14,14.47
930,2011-04-15,13.75
931,2011-04-18,15.23
932,2011-04-19,13.67
933,2011-04-20,13.14
934,2011-04-21,12.77
935,2011-04-25,13.91
936,2011-04-26,14.09
937,2011-04-27,13.79
938,2011-04-28,12.84
939,2011-04-29,13.03
940,2011-05-02,14.53
941,2011-05-03,15.06
942,2011-05-04,15.72
943,2011-05-05,16.69
944,2011-05-06,17.08
945,2011-05-09,15.95
946,2011-05-10,14.65
947,2011-05-11,15.78
948,2011-05-12,14.97
949,2011-05-13,15.79
950,2011-05-16,16.34
951,2011-05-17,16.77
952,2011-05-18,15.33
953,2011-05-19,14.46
954,2011-05-20,16.26
955,2011-05-23,17.29
956,2011-05-24,17.01
957,2011-05-25,16.14
958,2011-05-26,15.22
959,2011-05-27,15.02
960,2011-05-31,14.29
961,2011-06-01,17.4
962,2011-06-02,17.23
963,2011-06-03,16.87
964,2011-06-06,17.18
965,2011-06-07,16.85
966,2011-06-08,17.13
967,2011-06-09,16.37
968,2011-06-10,17.45
969,2011-06-13,17.89
970,2011-06-14,16.58
971,2011-06-15,19.68
972,2011-06-16,20.28
973,2011-06-17,19.45
974,2011-06-20,18.34
975,2011-06-21,16.93
976,2011-06-22,17.3
977,2011-06-23,17.81
978,2011-06-24,19.35
979,2011-06-27,18.78
980,2011-06-28,17.49
981,2011-06-29,15.86
982,2011-06-30,15
983,2011-07-01,14.71
984,2011-07-05,14.97
985,2011-07-06,15.12
986,2011-07-07,14.77
987,2011-07-08,15.02
988,2011-07-11,16.83
989,2011-07-12,18.08
990,2011-07-13,17.98
991,2011-07-14,18.61
992,2011-07-15,17.49
993,2011-07-18,18.98
994,2011-07-19,17.48
995,2011-07-20,17.47
996,2011-07-21,16.01
997,2011-07-22,16.1
998,2011-07-25,17.75
999,2011-07-26,18.69
1000,2011-07-27,20.97
1001,2011-07-28,21.86
1002,2011-07-29,23.58
1003,2011-08-01,22.13
1004,2011-08-02,22.83
1005,2011-08-03,21.89
1006,2011-08-04,29.41
1007,2011-08-05,29.59
1008,2011-08-08,40.49
1009,2011-08-09,29.7
1010,2011-08-10,38.61
1011,2011-08-11,34.86
1012,2011-08-12,32.22
1013,2011-08-15,28.75
1014,2011-08-16,29.33
1015,2011-08-17,28.27
1016,2011-08-18,38.17
1017,2011-08-19,37.74
1018,2011-08-22,37.76
1019,2011-08-23,32.09
1020,2011-08-24,31.71
1021,2011-08-25,35.66
1022,2011-08-26,32.03
1023,2011-08-29,29.25
1024,2011-08-30,29.54
1025,2011-08-31,28.82
1026,2011-09-01,28.6
1027,2011-09-02,30.38
1028,2011-09-06,33.41
1029,2011-09-07,30.19
1030,2011-09-08,31.38
1031,2011-09-09,36.46
1032,2011-09-12,36.69
1033,2011-09-13,34.7
1034,2011-09-14,32.2
1035,2011-09-15,29.8
1036,2011-09-16,28.41
1037,2011-09-19,30.04
1038,2011-09-20,29.85
1039,2011-09-21,33.36
1040,2011-09-22,37.75
1041,2011-09-23,38.48
1042,2011-09-26,36.17
1043,2011-09-27,34.47
1044,2011-09-28,37.2
1045,2011-09-29,35.14
1046,2011-09-30,39.27
1047,2011-10-03,41.45
1048,2011-10-04,37.32
1049,2011-10-05,34.81
1050,2011-10-06,33.31
1051,2011-10-07,32.26
1052,2011-10-10,29.6
1053,2011-10-11,29.66
1054,2011-10-12,27.51
1055,2011-10-13,27.68
1056,2011-10-14,25.42
1057,2011-10-17,29.84
1058,2011-10-18,29.1
1059,2011-10-19,31.82
1060,2011-10-20,31.81
1061,2011-10-21,27.81
1062,2011-10-24,26.5
1063,2011-10-25,29.04
1064,2011-10-26,26.76
1065,2011-10-27,22.84
1066,2011-10-28,22.31
1067,2011-10-31,27.29
1068,2011-11-01,31.8
1069,2011-11-02,30.13
1070,2011-11-03,27.54
1071,2011-11-04,27.24
1072,2011-11-07,26.96
1073,2011-11-08,24.7
1074,2011-11-09,32.89
1075,2011-11-10,29.91
1076,2011-11-11,26.79
1077,2011-11-14,28.1
1078,2011-11-15,28.45
1079,2011-11-16,30.27
1080,2011-11-17,31.4
1081,2011-11-18,28.66
1082,2011-11-21,30.12
1083,2011-11-22,29.17
1084,2011-11-23,31
1085,2011-11-25,21.29
1086,2011-11-28,29.16
1087,2011-11-29,28.02
1088,2011-11-30,25.16
1089,2011-12-01,25.06
1090,2011-12-02,25.17
1091,2011-12-05,25.52
1092,2011-12-06,25.74
1093,2011-12-07,26.19
1094,2011-12-08,27.57
1095,2011-12-09,24.17
1096,2011-12-12,23.46
1097,2011-12-13,23.23
1098,2011-12-14,24.12
1099,2011-12-15,22.35
1100,2011-12-16,22.23
1101,2011-12-19,22.65
1102,2011-12-20,20.55
1103,2011-12-21,19.59
1104,2011-12-22,19.45
1105,2011-12-23,18.85
1106,2011-12-27,20.05
1107,2011-12-28,21.57
1108,2011-12-29,20.73
1109,2011-12-30,21.42
1110,2012-01-03,20.89
1111,2012-01-04,20.1
1112,2012-01-05,19.75
1113,2012-01-06,19.18
1114,2012-01-09,19.45
1115,2012-01-10,19.32
1116,2012-01-11,19.5
1117,2012-01-12,19.04
1118,2012-01-13,19.32
1119,2012-01-17,20.16
1120,2012-01-18,19.18
1121,2012-01-19,18.16
1122,2012-01-20,16.05
1123,2012-01-23,16.71
1124,2012-01-24,16.96
1125,2012-01-25,16.41
1126,2012-01-26,16.58
1127,2012-01-27,16.65
1128,2012-01-30,17.68
1129,2012-01-31,17.63
1130,2012-02-01,16.85
1131,2012-02-02,16.61
1132,2012-02-03,15.62
1133,2012-02-06,16.2
1134,2012-02-07,16.12
1135,2012-02-08,16.44
1136,2012-02-09,17.12
1137,2012-02-10,18.64
1138,2012-02-13,17.25
1139,2012-02-14,17.79
1140,2012-02-15,19.15
1141,2012-02-16,17.59
1142,2012-02-17,16.22
1143,2012-02-21,16.76
1144,2012-02-22,16.62
1145,2012-02-23,15.49
1146,2012-02-24,15.74
1147,2012-02-27,16.49
1148,2012-02-28,16.67
1149,2012-02-29,16.99
1150,2012-03-01,16.09
1151,2012-03-02,15.94
1152,2012-03-05,16.48
1153,2012-03-06,19.31
1154,2012-03-07,17.73
1155,2012-03-08,16.4
1156,2012-03-09,15.95
1157,2012-03-12,13.83
1158,2012-03-13,13.63
1159,2012-03-14,14.23
1160,2012-03-15,13.54
1161,2012-03-16,12.76
1162,2012-03-19,13.79
1163,2012-03-20,14.47
1164,2012-03-21,14.37
1165,2012-03-22,14.58
1166,2012-03-23,13.69
1167,2012-03-26,13.18
1168,2012-03-27,14.12
1169,2012-03-28,14.45
1170,2012-03-29,14.2
1171,2012-03-30,13.94
1172,2012-04-02,14.08
1173,2012-04-03,14.46
1174,2012-04-04,15.08
1175,2012-04-05,15.27
1176,2012-04-09,17.14
1177,2012-04-10,18.56
1178,2012-04-11,18.23
1179,2012-04-12,15.62
1180,2012-04-13,17.67
1181,2012-04-16,17.75
1182,2012-04-17,16.53
1183,2012-04-18,16.69
1184,2012-04-19,16.68
1185,2012-04-20,15.59
1186,2012-04-23,16.98
1187,2012-04-24,16.09
1188,2012-04-25,15.32
1189,2012-04-26,14.58
1190,2012-04-27,14.74
1191,2012-04-30,15.34
1192,2012-05-01,14.86
1193,2012-05-02,15.11
1194,2012-05-03,15.74
1195,2012-05-04,17.06
1196,2012-05-07,17.4
1197,2012-05-08,17.66
1198,2012-05-09,18.51
1199,2012-05-10,17.57
1200,2012-05-11,18.34
1201,2012-05-14,19.98
1202,2012-05-15,20.2
1203,2012-05-16,20.17
1204,2012-05-17,21.97
1205,2012-05-18,22.3
1206,2012-05-21,19.99
1207,2012-05-22,20.41
1208,2012-05-23,20.44
1209,2012-05-24,19.61
1210,2012-05-25,20.2
1211,2012-05-29,19.45
1212,2012-05-30,21.86
1213,2012-05-31,21.81
1214,2012-06-01,24.32
1215,2012-06-04,23.98
1216,2012-06-05,22.68
1217,2012-06-06,20.01
1218,2012-06-07,19.73
1219,2012-06-08,18.87
1220,2012-06-11,21.09
1221,2012-06-12,19.91
1222,2012-06-13,21.34
1223,2012-06-14,19.76
1224,2012-06-15,18.39
1225,2012-06-18,16.88
1226,2012-06-19,16.45
1227,2012-06-20,15.31
1228,2012-06-21,17.74
1229,2012-06-22,16.12
1230,2012-06-25,17.99
1231,2012-06-26,17.65
1232,2012-06-27,17.46
1233,2012-06-28,17.53
1234,2012-06-29,15.32
1235,2012-07-02,15.46
1236,2012-07-03,15.46
1237,2012-07-05,15.85
1238,2012-07-06,15.83
1239,2012-07-09,16.52
1240,2012-07-10,16.93
1241,2012-07-11,16.63
1242,2012-07-12,16.89
1243,2012-07-13,15.22
1244,2012-07-16,15.62
1245,2012-07-17,15.16
1246,2012-07-18,14.53
1247,2012-07-19,14.26
1248,2012-07-20,14.93
1249,2012-07-23,16.89
1250,2012-07-24,18.38
1251,2012-07-25,17.33
1252,2012-07-26,15.92
1253,2012-07-27,15.33
1254,2012-07-30,16.54
1255,2012-07-31,17.39
1256,2012-08-01,17.41
1257,2012-08-02,16.24
1258,2012-08-03,14.44
1259,2012-08-06,14.68
1260,2012-08-07,14.86
1261,2012-08-08,14.15
1262,2012-08-09,13.85
1263,2012-08-10,13.57
1264,2012-08-13,12.43
1265,2012-08-14,13.14
1266,2012-08-15,13
1267,2012-08-16,12.62
1268,2012-08-17,12.01
1269,2012-08-20,12.61
1270,2012-08-21,13.49
1271,2012-08-22,13.69
1272,2012-08-23,14.44
1273,2012-08-24,13.85
1274,2012-08-27,14.9
1275,2012-08-28,15.46
1276,2012-08-29,15.8
1277,2012-08-30,16.5
1278,2012-08-31,15.69
1279,2012-09-04,16.38
1280,2012-09-05,16.27
1281,2012-09-06,14.3
1282,2012-09-07,13.19
1283,2012-09-10,14.92
1284,2012-09-11,14.79
1285,2012-09-12,14.24
1286,2012-09-13,13.47
1287,2012-09-14,13.53
1288,2012-09-17,13.4
1289,2012-09-18,12.81
1290,2012-09-19,12.79
1291,2012-09-20,12.78
1292,2012-09-21,12.65
1293,2012-09-24,12.96
1294,2012-09-25,13.84
1295,2012-09-26,15.1
1296,2012-09-27,13.77
1297,2012-09-28,14.34
1298,2012-10-01,14.61
1299,2012-10-02,14.56
1300,2012-10-03,14.29
1301,2012-10-04,13.75
1302,2012-10-05,13.09
1303,2012-10-08,13.69
1304,2012-10-09,14.66
1305,2012-10-10,14.84
1306,2012-10-11,14.35
1307,2012-10-12,14.71
1308,2012-10-15,13.98
1309,2012-10-16,13.84
1310,2012-10-17,13.86
1311,2012-10-18,13.74
1312,2012-10-19,15.48
1313,2012-10-22,15.2
1314,2012-10-23,17.46
1315,2012-10-24,16.95
1316,2012-10-25,16.69
1317,2012-10-26,16.55
1318,2012-10-31,17.26
1319,2012-11-01,15.36
1320,2012-11-02,16.34
1321,2012-11-05,17.14
1322,2012-11-06,16.37
1323,2012-11-07,18.04
1324,2012-11-08,17.25
1325,2012-11-09,17.24
1326,2012-11-12,15.62
1327,2012-11-13,15.47
1328,2012-11-14,16.58
1329,2012-11-15,16.96
1330,2012-11-16,15.53
1331,2012-11-19,14.33
1332,2012-11-20,14.02
1333,2012-11-21,14.1
1334,2012-11-23,18.64
1335,2012-11-26,14.19
1336,2012-11-27,14.66
1337,2012-11-28,14.31
1338,2012-11-29,13.84
1339,2012-11-30,14.54
1340,2012-12-03,15.36
1341,2012-12-04,15.69
1342,2012-12-05,15.05
1343,2012-12-06,15.05
1344,2012-12-07,14.48
1345,2012-12-10,14.64
1346,2012-12-11,14.28
1347,2012-12-12,14.65
1348,2012-12-13,15.21
1349,2012-12-14,15.55
1350,2012-12-17,15.17
1351,2012-12-18,14.54
1352,2012-12-19,16.03
1353,2012-12-20,16.37
1354,2012-12-21,16.47
1355,2012-12-24,16.47
1356,2012-12-26,17.95
1357,2012-12-27,18.01
1358,2012-12-28,16.6
1359,2012-12-31,17.22
1360,2013-01-02,13.92
1361,2013-01-03,13.74
1362,2013-01-04,13.06
1363,2013-01-07,13.09
1364,2013-01-08,12.83
1365,2013-01-09,12.83
1366,2013-01-10,12.67
1367,2013-01-11,12.36
1368,2013-01-14,12.55
1369,2013-01-15,12.35
1370,2013-01-16,12.52
1371,2013-01-17,12.64
1372,2013-01-18,11.47
1373,2013-01-22,11.32
1374,2013-01-23,11.31
1375,2013-01-24,11.46
1376,2013-01-25,11.75
1377,2013-01-28,12.46
1378,2013-01-29,12.23
1379,2013-01-30,13.15
1380,2013-01-31,13.31
1381,2013-02-01,12.07
1382,2013-02-04,13.65
1383,2013-02-05,13.16
1384,2013-02-06,12.78
1385,2013-02-07,12.91
1386,2013-02-08,12.66
1387,2013-02-11,12.35
1388,2013-02-12,12.02
1389,2013-02-13,12.19
1390,2013-02-14,11.72
1391,2013-02-15,11.56
1392,2013-02-19,11.47
1393,2013-02-20,13.31
1394,2013-02-21,13.68
1395,2013-02-22,12.71
1396,2013-02-25,16.72
1397,2013-02-26,14.81
1398,2013-02-27,13.15
1399,2013-02-28,13.7
1400,2013-03-01,13.61
1401,2013-03-04,12.77
1402,2013-03-05,12.38
1403,2013-03-06,12.44
1404,2013-03-07,12.04
1405,2013-03-08,11.64
1406,2013-03-11,10.68
1407,2013-03-12,10.84
1408,2013-03-13,10.54
1409,2013-03-14,10.22
1410,2013-03-15,10.08
1411,2013-03-18,11.78
1412,2013-03-19,12.59
1413,2013-03-20,11.59
1414,2013-03-21,12.55
1415,2013-03-22,12.28
1416,2013-03-25,12.53
1417,2013-03-26,11.7
1418,2013-03-27,12.13
1419,2013-03-28,11.69
1420,2013-04-01,12.26
1421,2013-04-02,11.56
1422,2013-04-03,12.67
1423,2013-04-04,12.6
1424,2013-04-05,12.54
1425,2013-04-08,12.12
1426,2013-04-09,11.86
1427,2013-04-10,11.7
1428,2013-04-11,11.47
1429,2013-04-12,11.11
1430,2013-04-15,15.16
1431,2013-04-16,12.51
1432,2013-04-17,14.65
1433,2013-04-18,15.48
1434,2013-04-19,13.59
1435,2013-04-22,13.16
1436,2013-04-23,12.23
1437,2013-04-24,12.49
1438,2013-04-25,12.48
1439,2013-04-26,12.2
1440,2013-04-29,12.36
1441,2013-04-30,12.21
1442,2013-05-01,13.02
1443,2013-05-02,12.25
1444,2013-05-03,11.67
1445,2013-05-06,11.7
1446,2013-05-07,11.7
1447,2013-05-08,11.66
1448,2013-05-09,11.9
1449,2013-05-10,11.64
1450,2013-05-13,11.45
1451,2013-05-14,11.78
1452,2013-05-15,11.76
1453,2013-05-16,11.89
1454,2013-05-17,11.45
1455,2013-05-20,11.83
1456,2013-05-21,12.2
1457,2013-05-22,12.34
1458,2013-05-23,12.57
1459,2013-05-24,12.61
1460,2013-05-28,13.09
1461,2013-05-29,13.37
1462,2013-05-30,13.21
1463,2013-05-31,14.23
1464,2013-06-03,14.2
1465,2013-06-04,14.46
1466,2013-06-05,15.62
1467,2013-06-06,14.97
1468,2013-06-07,13.59
1469,2013-06-10,13.91
1470,2013-06-11,15.17
1471,2013-06-12,16.69
1472,2013-06-13,14.85
1473,2013-06-14,15.48
1474,2013-06-17,15.16
1475,2013-06-18,14.77
1476,2013-06-19,14.87
1477,2013-06-20,18.22
1478,2013-06-21,16.77
1479,2013-06-24,17.74
1480,2013-06-25,16.61
1481,2013-06-26,15.33
1482,2013-06-27,14.89
1483,2013-06-28,15.21
1484,2013-07-01,14.92
1485,2013-07-02,14.91
1486,2013-07-03,14.7
1487,2013-07-05,13.47
1488,2013-07-08,13.33
1489,2013-07-09,13.26
1490,2013-07-10,12.93
1491,2013-07-11,12.79
1492,2013-07-12,12.93
1493,2013-07-15,12.92
1494,2013-07-16,13.35
1495,2013-07-17,12.7
1496,2013-07-18,12.53
1497,2013-07-19,11.66
1498,2013-07-22,11.68
1499,2013-07-23,11.71
1500,2013-07-24,12
1501,2013-07-25,11.91
1502,2013-07-26,11.79
1503,2013-07-29,12.3
1504,2013-07-30,12.33
1505,2013-07-31,12.57
1506,2013-08-01,12.26
1507,2013-08-02,11.25
1508,2013-08-05,11.13
1509,2013-08-06,11.97
1510,2013-08-07,12.02
1511,2013-08-08,12.02
1512,2013-08-09,12.59
1513,2013-08-12,12.21
1514,2013-08-13,11.67
1515,2013-08-14,12.49
1516,2013-08-15,13.84
1517,2013-08-16,13.37
1518,2013-08-19,13.81
1519,2013-08-20,13.81
1520,2013-08-21,14.9
1521,2013-08-22,13.89
1522,2013-08-23,13.05
1523,2013-08-26,13.89
1524,2013-08-27,15.12
1525,2013-08-28,14.84
1526,2013-08-29,15.15
1527,2013-08-30,15.38
1528,2013-09-03,15.14
1529,2013-09-04,14.5
1530,2013-09-05,14.31
1531,2013-09-06,14.35
1532,2013-09-09,14.23
1533,2013-09-10,13.34
1534,2013-09-11,12.56
1535,2013-09-12,12.95
1536,2013-09-13,12.98
1537,2013-09-16,13.12
1538,2013-09-17,13.44
1539,2013-09-18,13.13
1540,2013-09-19,12.47
1541,2013-09-20,12.84
1542,2013-09-23,13.64
1543,2013-09-24,13.48
1544,2013-09-25,13.55
1545,2013-09-26,13.4
1546,2013-09-27,14.69
1547,2013-09-30,15.91
1548,2013-10-01,15.04
1549,2013-10-02,16.34
1550,2013-10-03,17.12
1551,2013-10-04,16.15
1552,2013-10-07,18.5
1553,2013-10-08,19.33
1554,2013-10-09,18.39
1555,2013-10-10,15.76
1556,2013-10-11,14.76
1557,2013-10-14,15.17
1558,2013-10-15,17.78
1559,2013-10-16,14.73
1560,2013-10-17,13.29
1561,2013-10-18,12.83
1562,2013-10-21,12.98
1563,2013-10-22,12.97
1564,2013-10-23,12.85
1565,2013-10-24,12.4
1566,2013-10-25,12.38
1567,2013-10-28,12.74
1568,2013-10-29,12.78
1569,2013-10-30,13.08
1570,2013-10-31,13.05
1571,2013-11-01,12.66
1572,2013-11-04,12.66
1573,2013-11-05,12.66
1574,2013-11-06,12.12
1575,2013-11-07,12.89
1576,2013-11-08,12.33
1577,2013-11-11,12.04
1578,2013-11-12,12.18
1579,2013-11-13,12.1
1580,2013-11-14,11.96
1581,2013-11-15,11.24
1582,2013-11-18,11.86
1583,2013-11-19,12.17
1584,2013-11-20,12.35
1585,2013-11-21,11.91
1586,2013-11-22,11.4
1587,2013-11-25,11.78
1588,2013-11-26,11.83
1589,2013-11-27,12.03
1590,2013-11-29,12.76
1591,2013-12-02,13.52
1592,2013-12-03,13.81
1593,2013-12-04,13.88
1594,2013-12-05,14.23
1595,2013-12-06,12.85
1596,2013-12-09,12.96
1597,2013-12-10,13.24
1598,2013-12-11,14.33
1599,2013-12-12,14.76
1600,2013-12-13,14.92
1601,2013-12-16,15.12
1602,2013-12-17,14.98
1603,2013-12-18,12.81
1604,2013-12-19,13.02
1605,2013-12-20,12.89
1606,2013-12-23,12.47
1607,2013-12-24,11.9
1608,2013-12-26,11.57
1609,2013-12-27,11.7
1610,2013-12-30,12.64
1611,2013-12-31,12.9
1612,2014-01-02,13.31
1613,2014-01-03,12.89
1614,2014-01-06,12.68
1615,2014-01-07,12.17
1616,2014-01-08,12.29
1617,2014-01-09,12.39
1618,2014-01-10,11.84
1619,2014-01-13,12.65
1620,2014-01-14,11.93
1621,2014-01-15,11.58
1622,2014-01-16,11.94
1623,2014-01-17,11.64
1624,2014-01-21,12.38
1625,2014-01-22,12.66
1626,2014-01-23,13.63
1627,2014-01-24,17.43
1628,2014-01-27,16.69
1629,2014-01-28,15.32
1630,2014-01-29,16.8
1631,2014-01-30,16.82
1632,2014-01-31,17.91
1633,2014-02-03,20.67
1634,2014-02-04,18.55
1635,2014-02-05,19.03
1636,2014-02-06,16.78
1637,2014-02-07,14.91
1638,2014-02-10,15.04
1639,2014-02-11,14.09
1640,2014-02-12,13.97
1641,2014-02-13,13.83
1642,2014-02-14,13.15
1643,2014-02-18,13.7
1644,2014-02-19,14.96
1645,2014-02-20,14.4
1646,2014-02-21,14.2
1647,2014-02-24,13.81
1648,2014-02-25,13.41
1649,2014-02-26,13.7
1650,2014-02-27,13.27
1651,2014-02-28,13.22
1652,2014-03-03,15.19
1653,2014-03-04,13.55
1654,2014-03-05,13.44
1655,2014-03-06,13.46
1656,2014-03-07,13.37
1657,2014-03-10,13.65
1658,2014-03-11,14.03
1659,2014-03-12,13.83
1660,2014-03-13,15.54
1661,2014-03-14,16.76
1662,2014-03-17,14.81
1663,2014-03-18,14.06
1664,2014-03-19,14.5
1665,2014-03-20,13.96
1666,2014-03-21,14.29
1667,2014-03-24,14.13
1668,2014-03-25,13.57
1669,2014-03-26,14.27
1670,2014-03-27,13.72
1671,2014-03-28,13.55
1672,2014-03-31,13.16
1673,2014-04-01,12.44
1674,2014-04-02,12.51
1675,2014-04-03,12.73
1676,2014-04-04,13.12
1677,2014-04-07,14.51
1678,2014-04-08,14.07
1679,2014-04-09,12.87
1680,2014-04-10,14.64
1681,2014-04-11,15.51
1682,2014-04-14,14.67
1683,2014-04-15,14.13
1684,2014-04-16,12.83
1685,2014-04-17,12.42
1686,2014-04-21,12.59
1687,2014-04-22,12.39
1688,2014-04-23,12.36
1689,2014-04-24,12.4
1690,2014-04-25,13.07
1691,2014-04-28,12.9
1692,2014-04-29,12.76
1693,2014-04-30,12.52
1694,2014-05-01,12.47
1695,2014-05-02,12.29
1696,2014-05-05,12.55
1697,2014-05-06,13.01
1698,2014-05-07,12.63
1699,2014-05-08,12.56
1700,2014-05-09,12.12
1701,2014-05-12,11.43
1702,2014-05-13,11.4
1703,2014-05-14,11.54
1704,2014-05-15,12.08
1705,2014-05-16,11.39
1706,2014-05-19,11.53
1707,2014-05-20,12.17
1708,2014-05-21,11.15
1709,2014-05-22,11.19
1710,2014-05-23,10.47
1711,2014-05-27,10.87
1712,2014-05-28,11.12
1713,2014-05-29,10.94
1714,2014-05-30,10.69
1715,2014-06-02,11.08
1716,2014-06-03,11.21
1717,2014-06-04,11.44
1718,2014-06-05,11.27
1719,2014-06-06,10.48
1720,2014-06-09,10.72
1721,2014-06-10,10.68
1722,2014-06-11,11.25
1723,2014-06-12,11.97
1724,2014-06-13,11.79
1725,2014-06-16,12.27
1726,2014-06-17,11.96
1727,2014-06-18,10.58
1728,2014-06-19,10.44
1729,2014-06-20,10.6
1730,2014-06-23,10.19
1731,2014-06-24,11.17
1732,2014-06-25,11.02
1733,2014-06-26,11.15
1734,2014-06-27,11.02
1735,2014-06-30,11.06
1736,2014-07-01,10.47
1737,2014-07-02,10.18
1738,2014-07-03,9.71
1739,2014-07-07,10.75
1740,2014-07-08,11.21
1741,2014-07-09,10.79
1742,2014-07-10,11.75
1743,2014-07-11,11.21
1744,2014-07-14,10.82
1745,2014-07-15,11.16
1746,2014-07-16,10.3
1747,2014-07-17,13.35
1748,2014-07-18,11.59
1749,2014-07-21,12.01
1750,2014-07-22,11.43
1751,2014-07-23,11.3
1752,2014-07-24,11.39
1753,2014-07-25,12.04
1754,2014-07-28,12.01
1755,2014-07-29,12.56
1756,2014-07-30,12.7
1757,2014-07-31,15.74
1758,2014-08-01,16.11
1759,2014-08-04,14.48
1760,2014-08-05,15.73
1761,2014-08-06,15.2
1762,2014-08-07,15.63
1763,2014-08-08,14.8
1764,2014-08-11,13.71
1765,2014-08-12,13.51
1766,2014-08-13,12.37
1767,2014-08-14,11.77
1768,2014-08-15,12.83
1769,2014-08-18,11.47
1770,2014-08-19,11.2
1771,2014-08-20,10.98
1772,2014-08-21,10.73
1773,2014-08-22,10.75
1774,2014-08-25,10.83
1775,2014-08-26,10.69
1776,2014-08-27,10.7
1777,2014-08-28,11.05
1778,2014-08-29,11.37
1779,2014-09-02,11.74
1780,2014-09-03,11.79
1781,2014-09-04,12.04
1782,2014-09-05,11.5
1783,2014-09-08,11.89
1784,2014-09-09,12.61
1785,2014-09-10,12.32
1786,2014-09-11,12.27
1787,2014-09-12,12.64
1788,2014-09-15,13.12
1789,2014-09-16,12.31
1790,2014-09-17,11.77
1791,2014-09-18,10.99
1792,2014-09-19,11.03
1793,2014-09-22,12.17
1794,2014-09-23,13.39
1795,2014-09-24,12.01
1796,2014-09-25,14.02
1797,2014-09-26,13.25
1798,2014-09-29,13.93
1799,2014-09-30,14.33
1800,2014-10-01,14.76
1801,2014-10-02,14.19
1802,2014-10-03,12.98
1803,2014-10-06,13.36
1804,2014-10-07,14.86
1805,2014-10-08,13.36
1806,2014-10-09,15.7
1807,2014-10-10,17.11
1808,2014-10-13,16.66
1809,2014-10-14,15.92
1810,2014-10-15,17.4
1811,2014-10-16,19.63
1812,2014-10-17,17.06
1813,2014-10-20,16.78
1814,2014-10-21,14.69
1815,2014-10-22,16.23
1816,2014-10-23,15.27
1817,2014-10-24,14.91
1818,2014-10-27,14.97
1819,2014-10-28,13.71
1820,2014-10-29,13.73
1821,2014-10-30,13.53
1822,2014-10-31,13.21
1823,2014-11-03,13.99
1824,2014-11-04,14.02
1825,2014-11-05,13.46
1826,2014-11-06,13.14
1827,2014-11-07,12.61
1828,2014-11-10,12.44
1829,2014-11-11,12.61
1830,2014-11-12,12.85
1831,2014-11-13,12.85
1832,2014-11-14,12.82
1833,2014-11-17,13.2
1834,2014-11-18,13.22
1835,2014-11-19,13.49
1836,2014-11-20,13.12
1837,2014-11-21,12.57
1838,2014-11-24,12.37
1839,2014-11-25,12.15
1840,2014-11-26,12.19
1841,2014-11-28,13.27
1842,2014-12-01,14.13
1843,2014-12-02,13.28
1844,2014-12-03,13.07
1845,2014-12-04,13
1846,2014-12-05,11.98
1847,2014-12-08,14.25
1848,2014-12-09,14.92
1849,2014-12-10,17.51
1850,2014-12-11,18.75
1851,2014-12-12,20.45
1852,2014-12-15,19.39
1853,2014-12-16,21.48
1854,2014-12-17,19.19
1855,2014-12-18,16.39
1856,2014-12-19,16.05
1857,2014-12-22,14.3
1858,2014-12-23,14.12
1859,2014-12-24,14.22
1860,2014-12-26,14.01
1861,2014-12-29,14.49
1862,2014-12-30,14.81
1863,2014-12-31,16.63
1864,2015-01-02,16.07
1865,2015-01-05,17.88
1866,2015-01-06,18.46
1867,2015-01-07,17.32
1868,2015-01-08,15.77
1869,2015-01-09,16.27
1870,2015-01-12,17.01
1871,2015-01-13,17.61
1872,2015-01-14,18.53
1873,2015-01-15,19
1874,2015-01-16,18.27
1875,2015-01-20,18.44
1876,2015-01-21,17.64
1877,2015-01-22,15.43
1878,2015-01-23,15.84
1879,2015-01-26,15.08
1880,2015-01-27,16.85
1881,2015-01-28,19.34
1882,2015-01-29,16.8
1883,2015-01-30,19.95
1884,2015-02-02,18.86
1885,2015-02-03,16.94
1886,2015-02-04,17.51
1887,2015-02-05,16.48
1888,2015-02-06,16.97
1889,2015-02-09,17.94
1890,2015-02-10,17.03
1891,2015-02-11,16.94
1892,2015-02-12,15.8
1893,2015-02-13,14.85
1894,2015-02-17,15.48
1895,2015-02-18,15.16
1896,2015-02-19,14.97
1897,2015-02-20,13.88
1898,2015-02-23,14.03
1899,2015-02-24,13.05
1900,2015-02-25,13.18
1901,2015-02-26,13.31
1902,2015-02-27,13.23
1903,2015-03-02,12.96
1904,2015-03-03,13.47
1905,2015-03-04,13.89
1906,2015-03-05,13.6
1907,2015-03-06,14.7
1908,2015-03-09,14.35
1909,2015-03-10,15.67
1910,2015-03-11,16.14
1911,2015-03-12,14.84
1912,2015-03-13,15.44
1913,2015-03-16,15.3
1914,2015-03-17,15.42
1915,2015-03-18,13.79
1916,2015-03-19,13.94
1917,2015-03-20,13.03
1918,2015-03-23,13.42
1919,2015-03-24,13.64
1920,2015-03-25,15.38
1921,2015-03-26,15.52
1922,2015-03-27,15.06
1923,2015-03-30,14.48
1924,2015-03-31,15.41
1925,2015-04-01,15.25
1926,2015-04-02,15.04
1927,2015-04-06,14.86
1928,2015-04-07,14.79
1929,2015-04-08,14.34
1930,2015-04-09,13.75
1931,2015-04-10,13.34
1932,2015-04-13,14.49
1933,2015-04-14,13.93
1934,2015-04-15,13.23
1935,2015-04-16,12.81
1936,2015-04-17,14.27
1937,2015-04-20,13.45
1938,2015-04-21,13.77
1939,2015-04-22,13.52
1940,2015-04-23,13.39
1941,2015-04-24,13.3
1942,2015-04-27,13.96
1943,2015-04-28,13.38
1944,2015-04-29,14.1
1945,2015-04-30,15.09
1946,2015-05-01,13.79
1947,2015-05-04,13.88
1948,2015-05-05,14.82
1949,2015-05-06,15.45
1950,2015-05-07,15.37
1951,2015-05-08,13.54
1952,2015-05-11,13.84
1953,2015-05-12,13.8
1954,2015-05-13,13.7
1955,2015-05-14,12.9
1956,2015-05-15,12.44
1957,2015-05-18,12.85
1958,2015-05-19,12.82
1959,2015-05-20,12.87
1960,2015-05-21,12.46
1961,2015-05-22,12.59
1962,2015-05-26,14.14
1963,2015-05-27,13.51
1964,2015-05-28,13.58
1965,2015-05-29,13.92
1966,2015-06-01,14.14
1967,2015-06-02,14.37
1968,2015-06-03,13.83
1969,2015-06-04,15.06
1970,2015-06-05,14.66
1971,2015-06-08,15.34
1972,2015-06-09,14.96
1973,2015-06-10,13.56
1974,2015-06-11,13.15
1975,2015-06-12,13.85
1976,2015-06-15,15.38
1977,2015-06-16,14.92
1978,2015-06-17,14.57
1979,2015-06-18,13.45
1980,2015-06-19,13.82
1981,2015-06-22,12.97
1982,2015-06-23,12.47
1983,2015-06-24,13.63
1984,2015-06-25,14.38
1985,2015-06-26,14.15
1986,2015-06-29,18.69
1987,2015-06-30,18.3
1988,2015-07-01,16.39
1989,2015-07-02,17
1990,2015-07-06,17.09
1991,2015-07-07,16.27
1992,2015-07-08,19.24
1993,2015-07-09,19.17
1994,2015-07-10,16.84
1995,2015-07-13,13.66
1996,2015-07-14,13.03
1997,2015-07-15,13.05
1998,2015-07-16,12.31
1999,2015-07-17,12.11
2000,2015-07-20,12.79
2001,2015-07-21,12.8
2002,2015-07-22,12.69
2003,2015-07-23,13.36
2004,2015-07-24,13.99
2005,2015-07-27,15.79
2006,2015-07-28,14.1
2007,2015-07-29,13.28
2008,2015-07-30,12.96
2009,2015-07-31,12.96
2010,2015-08-03,13.62
2011,2015-08-04,13.95
2012,2015-08-05,13.76
2013,2015-08-06,14.76
2014,2015-08-07,14.67
2015,2015-08-10,13.7
2016,2015-08-11,15.3
2017,2015-08-12,15.63
2018,2015-08-13,14.67
2019,2015-08-14,14.13
2020,2015-08-17,13.81
2021,2015-08-18,14.3
2022,2015-08-19,15.68
2023,2015-08-20,19.73
2024,2015-08-21,28.03
2025,2015-08-24,33.11
2026,2015-08-25,34.51
2027,2015-08-26,29.61
2028,2015-08-27,25.51
2029,2015-08-28,25.31
2030,2015-08-31,27.01
2031,2015-09-01,29.8
2032,2015-09-02,25.2
2033,2015-09-03,24.83
2034,2015-09-04,26.92
2035,2015-09-08,24.86
2036,2015-09-09,25.4
2037,2015-09-10,24.77
2038,2015-09-11,23
2039,2015-09-14,23.5
2040,2015-09-15,21.87
2041,2015-09-16,20.51
2042,2015-09-17,21.44
2043,2015-09-18,21.36
2044,2015-09-21,19.4
2045,2015-09-22,21.14
2046,2015-09-23,20.8
2047,2015-09-24,22.12
2048,2015-09-25,21.94
2049,2015-09-28,25.06
2050,2015-09-29,24.43
2051,2015-09-30,22.53
2052,2015-10-01,21.59
2053,2015-10-02,19.95
2054,2015-10-05,18.87
2055,2015-10-06,18.52
2056,2015-10-07,17.64
2057,2015-10-08,16.96
2058,2015-10-09,16.56
2059,2015-10-12,14.59
2060,2015-10-13,16.2
2061,2015-10-14,16.42
2062,2015-10-15,14.7
2063,2015-10-16,14.37
2064,2015-10-19,14.14
2065,2015-10-20,14.72
2066,2015-10-21,15.72
2067,2015-10-22,14.25
2068,2015-10-23,14.19
2069,2015-10-26,15
2070,2015-10-27,15.33
2071,2015-10-28,14.42
2072,2015-10-29,14.62
2073,2015-10-30,15.08
2074,2015-11-02,14.29
2075,2015-11-03,14.54
2076,2015-11-04,15.27
2077,2015-11-05,14.92
2078,2015-11-06,14.2
2079,2015-11-09,15.99
2080,2015-11-10,15.26
2081,2015-11-11,15.69
2082,2015-11-12,17.55
2083,2015-11-13,19.17
2084,2015-11-16,17.42
2085,2015-11-17,17.8
2086,2015-11-18,16.36
2087,2015-11-19,16.18
2088,2015-11-20,14.92
2089,2015-11-23,15.15
2090,2015-11-24,15.3
2091,2015-11-25,14.79
2092,2015-11-27,15.13
2093,2015-11-30,15.83
2094,2015-12-01,15
2095,2015-12-02,15.84
2096,2015-12-03,17.6
2097,2015-12-04,14.96
2098,2015-12-07,15.71
2099,2015-12-08,17.31
2100,2015-12-09,18.5
2101,2015-12-10,18.21
2102,2015-12-11,22.57
2103,2015-12-14,20.89
2104,2015-12-15,19.26
2105,2015-12-16,16.69
2106,2015-12-17,17.53
2107,2015-12-18,19.3
2108,2015-12-21,18.13
2109,2015-12-22,16.44
2110,2015-12-23,15.71
2111,2015-12-24,15.65
2112,2015-12-28,16.73
2113,2015-12-29,15.92
2114,2015-12-30,16.56
2115,2015-12-31,17.01
2116,2016-01-04,19.12
2117,2016-01-05,18.89
2118,2016-01-06,19.62
2119,2016-01-07,22.87
2120,2016-01-08,25.05
2121,2016-01-11,22.72
2122,2016-01-12,21.52
2123,2016-01-13,23.47
2124,2016-01-14,22.5
2125,2016-01-15,25.57
2126,2016-01-19,25.18
2127,2016-01-20,26.98
2128,2016-01-21,25.46
2129,2016-01-22,21.93
2130,2016-01-25,23.46
2131,2016-01-26,21.85
2132,2016-01-27,22.19
2133,2016-01-28,21.63
2134,2016-01-29,19.57
2135,2016-02-01,19.86
2136,2016-02-02,21.33
2137,2016-02-03,20.99
2138,2016-02-04,20.94
2139,2016-02-05,22.13
2140,2016-02-08,24.66
2141,2016-02-09,25.21
2142,2016-02-10,25.07
2143,2016-02-11,27.39
2144,2016-02-12,24.58
2145,2016-02-16,23.29
2146,2016-02-17,21.35
2147,2016-02-18,20.51
2148,2016-02-19,19.46
2149,2016-02-22,18.44
2150,2016-02-23,19.87
2151,2016-02-24,19.94
2152,2016-02-25,18.2
2153,2016-02-26,19.09
2154,2016-02-29,19.77
2155,2016-03-01,17.51
2156,2016-03-02,16.82
2157,2016-03-03,16.71
2158,2016-03-04,16.77
2159,2016-03-07,16.99
2160,2016-03-08,17.67
2161,2016-03-09,17.54
2162,2016-03-10,17.27
2163,2016-03-11,16.37
2164,2016-03-14,16.12
2165,2016-03-15,15.84
2166,2016-03-16,14.34
2167,2016-03-17,13.59
2168,2016-03-18,13.25
2169,2016-03-21,13.41
2170,2016-03-22,13.79
2171,2016-03-23,14.33
2172,2016-03-24,14.19
2173,2016-03-28,14.65
2174,2016-03-29,13.69
2175,2016-03-30,13.26
2176,2016-03-31,13.74
2177,2016-04-01,13.59
2178,2016-04-04,14.28
2179,2016-04-05,15.4
2180,2016-04-06,14.74
2181,2016-04-07,15.7
2182,2016-04-08,15.33
2183,2016-04-11,14.91
2184,2016-04-12,13.97
2185,2016-04-13,12.85
2186,2016-04-14,12.72
2187,2016-04-15,12.79
2188,2016-04-18,13.11
2189,2016-04-19,12.78
2190,2016-04-20,12.99
2191,2016-04-21,13.49
2192,2016-04-22,13.15
2193,2016-04-25,13.84
2194,2016-04-26,13.93
2195,2016-04-27,13.65
2196,2016-04-28,14.88
2197,2016-04-29,15.01
2198,2016-05-02,14.52
2199,2016-05-03,15.28
2200,2016-05-04,15.67
2201,2016-05-05,15.58
2202,2016-05-06,14.43
2203,2016-05-09,14.49
2204,2016-05-10,13.82
2205,2016-05-11,14.78
2206,2016-05-12,14.34
2207,2016-05-13,15.22
2208,2016-05-16,14.46
2209,2016-05-17,15.06
2210,2016-05-18,15.31
2211,2016-05-19,15.74
2212,2016-05-20,14.48
2213,2016-05-23,14.67
2214,2016-05-24,13.57
2215,2016-05-25,13.14
2216,2016-05-26,12.81
2217,2016-05-27,12.44
2218,2016-05-31,13.7
2219,2016-06-01,13.57
2220,2016-06-02,13.09
2221,2016-06-03,12.66
2222,2016-06-06,13.24
2223,2016-06-07,12.79
2224,2016-06-08,13.11
2225,2016-06-09,13.72
2226,2016-06-10,14.86
2227,2016-06-13,18.44
2228,2016-06-14,18.2
2229,2016-06-15,18.17
2230,2016-06-16,17.7
2231,2016-06-17,17.68
2232,2016-06-20,16.79
2233,2016-06-21,17.16
2234,2016-06-22,19.3
2235,2016-06-23,16.3
2236,2016-06-24,22.71
2237,2016-06-27,21.95
2238,2016-06-28,17.97
2239,2016-06-29,15.87
2240,2016-06-30,15.15
2241,2016-07-01,14.26
